Product Name, Price
Filters clear all
Filters clear all
Xiaomi POCO M2 RELOADED 4/64 GB
Redmi Note 10 Pro 6/128 GB  |Enroz online 
Xiaomi Poco M3 Pro 5G 4/64GB
Xiaomi Redmi 9A
Xiaomi Redmi Note 11 Pro 4G | Enroz Online
Redmi Note 11 Pro 5G (6/128GB)
Xiaomi Redmi 10 
Xiaomi POCO M3 4/64 GB 
Mi 11X Pro 8/128 GB | Enroz Online
Mi 12 Pro 12/256 GB
 Xiaomi POCO C3
Xiaomi 12 Lite | Enroz Online
Galaxy Z Flip 5 (8+256GB)
iPhone 15 Pro Max
Galaxy S24 Ultra (12/256GB)
Iphone 15 plus
Galaxy S23 FE 5G (8+256GB)
Iphone 15
Galaxy A54 5G (8+128GB)
Iphone 14
Galaxy A34 5G (8+128GB)
Iphone 12
Xiaomi 13 Pro (12+256GB)
Xiaomi POCO X3 Pro
Xiaomi 13 lite
Xiaomi Poco M3 Pro 5G 4/64GB
Xiaomi 12
Xiaomi POCO F3 GT
Xiaomi Redmi Note 11 Pro 4G 
Xiaomi POCO M3 4/64 GB
Xiaomi Redmi Note 11(4GB/64GB)
Xiaomi Poco C31
